vwap_band,atr_multiplier,sharpe,cagr,max_dd,calmar,win_rate,profit_factor,total_trades,pnl,final_equity
0.5,0.5,1.1821323633775438,-0.8555997203441777,0.8115362847505384,-1.0542963221997945,0.5584415584415584,0.9628665467285562,77,-1469.5747749998736,8530.425225000126
0.5,1.0,4.839857960150083,370.377374330376,0.29980369175785426,1235.3996448766975,0.5581395348837209,1.5528164702483391,86,6258.225275000064,16258.225275000064
0.5,1.5,7.55665920298896,761.4494222283641,0.15039299211521412,5063.064518624828,0.6413043478260869,2.073065546235306,92,7247.72872500007,17247.72872500007
1.0,0.5,6.698245336843901,585110.3935924452,0.599130476871685,976599.2820922004,0.6285714285714286,1.6300582971280182,70,19764.264725000066,29764.264725000066
1.0,1.0,9.278263652209544,11868.911757876242,0.22810801323675428,52031.98076850307,0.6619718309859155,2.1486781329648847,71,11610.10505000006,21610.10505000006
1.0,1.5,4.969664301340852,67.41902726435269,0.24075661001912166,280.02980794171367,0.6612903225806451,1.654018508162477,62,4149.243325000038,14149.243325000038
1.5,0.5,5.455391367839799,858.343554252056,0.32459719057870107,2644.334514176715,0.7096774193548387,1.7635025373835236,31,7418.041800000108,17418.04180000011
